WT	MUT	Disruption
A2RU14_P12004.fasta	A2RU14-P66S_P12004.fasta	0
A2RU14_Q5T700.fasta	A2RU14-P66S_Q5T700.fasta	0
A2RU14_Q96BA8.fasta	A2RU14-P66S_Q96BA8.fasta	0
O00151_O43707.fasta	O00151-A249V_O43707.fasta	0
O00151_P14136.fasta	O00151-A249V_P14136.fasta	0
O00214_P36406.fasta	O00214-P194T_P36406.fasta	1
O00214_Q13137.fasta	O00214-P194T_Q13137.fasta	0
O00214_Q86VP1.fasta	O00214-P194T_Q86VP1.fasta	0
O00308_Q15884.fasta	O00308-R178W_Q15884.fasta	0
O00308_Q3B8N2.fasta	O00308-R178W_Q3B8N2.fasta	0
O00308_Q96ME1.fasta	O00308-R178W_Q96ME1.fasta	0
O00308_Q9BUJ2.fasta	O00308-R178W_Q9BUJ2.fasta	0
O00308_Q9NR12.fasta	O00308-R178W_Q9NR12.fasta	0
O00590_O43889.fasta	O00590-V42M_O43889.fasta	0
O14777_P18848.fasta	O14777-K288E_P18848.fasta	0
O14777_P40222.fasta	O14777-K288E_P40222.fasta	0
O14777_Q15025.fasta	O14777-K288E_Q15025.fasta	0
O14777_Q6ZNE9.fasta	O14777-K288E_Q6ZNE9.fasta	0
O14777_Q8TD31.fasta	O14777-K288E_Q8TD31.fasta	0
O14777_Q9GZM8.fasta	O14777-K288E_Q9GZM8.fasta	0
O14777_Q9Y2J4.fasta	O14777-K288E_Q9Y2J4.fasta	0
O14777_Q9Y3C0.fasta	O14777-K288E_Q9Y3C0.fasta	0
O14936_Q9H788.fasta	O14936-G197R_Q9H788.fasta	0
O43638_Q93062.fasta	O43638-T147M_Q93062.fasta	0
O60225_Q6RW13.fasta	O60225-K54R_Q6RW13.fasta	1
O60568_Q5JST6.fasta	O60568-R235Q_Q5JST6.fasta	0
O60568_Q96QF0.fasta	O60568-R235Q_Q96QF0.fasta	0
O75152_P40692.fasta	O75152-E408D_P40692.fasta	0
O75344_Q8IYA8.fasta	O75344-L246F_Q8IYA8.fasta	1
O75603_O43186.fasta	O75603-G349E_O43186.fasta	0
O75603_Q13643.fasta	O75603-G349E_Q13643.fasta	0
O75603_Q93062.fasta	O75603-G349E_Q93062.fasta	0
O75603_Q96LI6.fasta	O75603-G349E_Q96LI6.fasta	0
O75896_Q93062.fasta	O75896-R76Q_Q93062.fasta	0
O75896_Q99750.fasta	O75896-R76Q_Q99750.fasta	1
O76003_O76081.fasta	O76003-P145A_O76081.fasta	0
O76003_P28799.fasta	O76003-P145A_P28799.fasta	0
O76003_Q6FI81.fasta	O76003-P145A_Q6FI81.fasta	0
O76003_Q6L8G9.fasta	O76003-P145A_Q6L8G9.fasta	0
O76003_Q6UVY6.fasta	O76003-P145A_Q6UVY6.fasta	0
O76003_Q86YD3.fasta	O76003-P145A_Q86YD3.fasta	0
O76003_Q99759.fasta	O76003-P145A_Q99759.fasta	0
O76003_Q9Y3E2.fasta	O76003-P145A_Q9Y3E2.fasta	0
O76015_O00459.fasta	O76015-N270K_O00459.fasta	0
O76015_O00459.fasta	O76015-D306A_O00459.fasta	0
O76015_O15481.fasta	O76015-N270K_O15481.fasta	0
O76015_O15481.fasta	O76015-D306A_O15481.fasta	0
O76015_P02538.fasta	O76015-N270K_P02538.fasta	0
O76015_P02538.fasta	O76015-D306A_P02538.fasta	0
O76015_P19013.fasta	O76015-N270K_P19013.fasta	0
O76015_P19013.fasta	O76015-D306A_P19013.fasta	0
O76015_P35908.fasta	O76015-N270K_P35908.fasta	0
O76015_P35908.fasta	O76015-D306A_P35908.fasta	0
O76015_P40222.fasta	O76015-N270K_P40222.fasta	0
O76015_P40222.fasta	O76015-D306A_P40222.fasta	0
O76015_P43115.fasta	O76015-N270K_P43115.fasta	0
O76015_P43115.fasta	O76015-D306A_P43115.fasta	0
O76015_P50151.fasta	O76015-N270K_P50151.fasta	0
O76015_P50151.fasta	O76015-D306A_P50151.fasta	0
O76015_P62195.fasta	O76015-N270K_P62195.fasta	0
O76015_P62195.fasta	O76015-D306A_P62195.fasta	0
O76015_P78385.fasta	O76015-N270K_P78385.fasta	0
O76015_P78385.fasta	O76015-D306A_P78385.fasta	0
O76015_Q14533.fasta	O76015-N270K_Q14533.fasta	0
O76015_Q14533.fasta	O76015-D306A_Q14533.fasta	0
O76015_Q5XKE5.fasta	O76015-D306A_Q5XKE5.fasta	0
O76015_Q5XKE5.fasta	O76015-N270K_Q5XKE5.fasta	0
O76015_Q8IYE0.fasta	O76015-D306A_Q8IYE0.fasta	0
O76015_Q8IYE0.fasta	O76015-N270K_Q8IYE0.fasta	0
O76015_Q8N3L3.fasta	O76015-N270K_Q8N3L3.fasta	0
O76015_Q8N3L3.fasta	O76015-D306A_Q8N3L3.fasta	0
O76015_Q8NBS9.fasta	O76015-D306A_Q8NBS9.fasta	0
O76015_Q8NBS9.fasta	O76015-N270K_Q8NBS9.fasta	0
O76015_Q96CS2.fasta	O76015-D306A_Q96CS2.fasta	0
O76015_Q96CS2.fasta	O76015-N270K_Q96CS2.fasta	0
O76015_Q9BWG6.fasta	O76015-N270K_Q9BWG6.fasta	0
O76015_Q9BWG6.fasta	O76015-D306A_Q9BWG6.fasta	0
O76015_Q9P0W2.fasta	O76015-N270K_Q9P0W2.fasta	0
O76015_Q9P0W2.fasta	O76015-D306A_Q9P0W2.fasta	0
O95045_O95045.fasta	O95045-V64I_O95045.fasta	0
O95985_Q7Z698.fasta	O95985-C666R_Q7Z698.fasta	1
P02652_O43889.fasta	P02652-Q71R_O43889.fasta	0
P02652_Q8NEC5.fasta	P02652-Q71R_Q8NEC5.fasta	0
P06576_Q8N448.fasta	P06576-I513T_Q8N448.fasta	1
P06576_Q8N5M1.fasta	P06576-I513T_Q8N5M1.fasta	1
P07510_P60369.fasta	P07510-I448T_P60369.fasta	0
P07510_P60409.fasta	P07510-I448T_P60409.fasta	0
P07510_P60410.fasta	P07510-I448T_P60410.fasta	0
P07510_P60411.fasta	P07510-I448T_P60411.fasta	0
P07510_Q15323.fasta	P07510-I448T_Q15323.fasta	0
P07510_Q7Z3S9.fasta	P07510-I448T_Q7Z3S9.fasta	0
P09466_Q96HH9.fasta	P09466-V75F_Q96HH9.fasta	1
P10276_P28702.fasta	P10276-R83H_P28702.fasta	0
P10276_P28702.fasta	P10276-P375L_P28702.fasta	1
P10276_P48443.fasta	P10276-R83H_P48443.fasta	0
P10276_P48443.fasta	P10276-P375L_P48443.fasta	1
P12236_P63010.fasta	P12236-T221M_P63010.fasta	0
P13489_O00560.fasta	P13489-V358M_O00560.fasta	0
P18848_O95751.fasta	P18848-L180F_O95751.fasta	0
P18848_P02766.fasta	P18848-L180F_P02766.fasta	0
P18848_Q08AF8.fasta	P18848-L180F_Q08AF8.fasta	0
P18848_Q13227.fasta	P18848-L180F_Q13227.fasta	0
P18848_Q13515.fasta	P18848-L180F_Q13515.fasta	0
P18848_Q9BWC9.fasta	P18848-L180F_Q9BWC9.fasta	0
P18848_Q9Y297.fasta	P18848-L180F_Q9Y297.fasta	0
P19623_P19623.fasta	P19623-V231L_P19623.fasta	1
P34897_Q96DZ9.fasta	P34897-V112M_Q96DZ9.fasta	1
P40692_O75152.fasta	P40692-C533Y_O75152.fasta	0
P40692_O94941.fasta	P40692-C533Y_O94941.fasta	1
P40692_P15173.fasta	P40692-C533Y_P15173.fasta	0
P40692_P20585.fasta	P40692-C533Y_P20585.fasta	0
P40692_P25786.fasta	P40692-C533Y_P25786.fasta	0
P40692_P52292.fasta	P40692-C533Y_P52292.fasta	1
P40692_Q8NA61.fasta	P40692-C533Y_Q8NA61.fasta	0
P40692_Q96NE9.fasta	P40692-C533Y_Q96NE9.fasta	0
P40937_O00635.fasta	P40937-T131N_O00635.fasta	0
P40937_P35249.fasta	P40937-T131N_P35249.fasta	0
P40937_P98170.fasta	P40937-T131N_P98170.fasta	0
P40937_Q15742.fasta	P40937-T131N_Q15742.fasta	0
P43361_P28676.fasta	P43361-R218C_P28676.fasta	0
P43361_Q13563.fasta	P43361-R218C_Q13563.fasta	1
P43361_Q5H9J7.fasta	P43361-R218C_Q5H9J7.fasta	0
P48380_Q12933.fasta	P48380-S387C_Q12933.fasta	0
P48380_Q14192.fasta	P48380-S387C_Q14192.fasta	0
P48380_Q14192.fasta	P48380-Y135D_Q14192.fasta	0
P48509_Q8IYS0.fasta	P48509-S158T_Q8IYS0.fasta	0
P48509_Q8IYS0.fasta	P48509-A67V_Q8IYS0.fasta	0
P51451_O43281.fasta	P51451-I338T_O43281.fasta	0
P51451_P40763.fasta	P51451-I338T_P40763.fasta	1
P52597_Q9BUJ2.fasta	P52597-T48A_Q9BUJ2.fasta	0
P53680_Q6PD74.fasta	P53680-G64D_Q6PD74.fasta	0
P56377_O43747.fasta	P56377-R9C_O43747.fasta	0
P60709_P23528.fasta	P60709-R372C_P23528.fasta	0
P60709_P60709.fasta	P60709-R372C_P60709.fasta	0
P60709_P60981.fasta	P60709-R372C_P60981.fasta	0
P60709_P63261.fasta	P60709-R372C_P63261.fasta	0
P60709_Q96HA8.fasta	P60709-R372C_Q96HA8.fasta	0
P61978_O75791.fasta	P61978-R377H_O75791.fasta	0
P61978_P29597.fasta	P61978-R377H_P29597.fasta	0
P61978_P61978.fasta	P61978-R377H_P61978.fasta	0
P61978_P79522.fasta	P61978-R377H_P79522.fasta	0
P61978_Q14011.fasta	P61978-R377H_Q14011.fasta	0
P61978_Q5I0X4.fasta	P61978-R377H_Q5I0X4.fasta	0
P61978_Q66K41.fasta	P61978-R377H_Q66K41.fasta	0
P61978_Q8WVV9.fasta	P61978-R377H_Q8WVV9.fasta	0
P61978_Q96MU7.fasta	P61978-R377H_Q96MU7.fasta	0
P61978_Q96PU8.fasta	P61978-R377H_Q96PU8.fasta	0
P61978_Q9BTD8.fasta	P61978-R377H_Q9BTD8.fasta	0
P61978_Q9NYB9.fasta	P61978-R377H_Q9NYB9.fasta	0
P61978_Q9Y580.fasta	P61978-R377H_Q9Y580.fasta	0
P62195_O76015.fasta	P62195-R258W_O76015.fasta	0
P62195_P01100.fasta	P62195-R258W_P01100.fasta	0
P62195_P19012.fasta	P62195-R258W_P19012.fasta	0
P62195_P43686.fasta	P62195-R258W_P43686.fasta	0
P62195_Q13371.fasta	P62195-R258W_Q13371.fasta	0
P62195_Q6A162.fasta	P62195-R258W_Q6A162.fasta	0
P68400_P23511.fasta	P68400-K198R_P23511.fasta	0
P68400_Q6ZNA4.fasta	P68400-K198R_Q6ZNA4.fasta	0
P68400_Q96MF2.fasta	P68400-K198R_Q96MF2.fasta	0
P68400_Q9NVV9.fasta	P68400-K198R_Q9NVV9.fasta	0
P78337_Q93062.fasta	P78337-L242F_Q93062.fasta	0
P98179_P09012.fasta	P98179-R145H_P09012.fasta	0
P98179_P0DJD3.fasta	P98179-R145H_P0DJD3.fasta	0
P98179_P38159.fasta	P98179-R145H_P38159.fasta	0
P98179_Q5VWX1.fasta	P98179-R145H_Q5VWX1.fasta	0
Q05084_P61019.fasta	Q05084-Q443R_P61019.fasta	1
Q05084_Q8WUD1.fasta	Q05084-Q443R_Q8WUD1.fasta	1
Q08AM6_O43251.fasta	Q08AM6-A127S_O43251.fasta	0
Q08AM6_O95865.fasta	Q08AM6-A127S_O95865.fasta	0
Q08AM6_P27658.fasta	Q08AM6-A127S_P27658.fasta	0
Q08AM6_P29466.fasta	Q08AM6-A127S_P29466.fasta	0
Q08AM6_Q16773.fasta	Q08AM6-A127S_Q16773.fasta	0
Q08AM6_Q3V5L5.fasta	Q08AM6-A127S_Q3V5L5.fasta	0
Q08AM6_Q53EP0.fasta	Q08AM6-A127S_Q53EP0.fasta	0
Q08AM6_Q53HV7.fasta	Q08AM6-A127S_Q53HV7.fasta	0
Q08AM6_Q5VU43.fasta	Q08AM6-A127S_Q5VU43.fasta	0
Q08AM6_Q5W111.fasta	Q08AM6-A127S_Q5W111.fasta	0
Q08AM6_Q8IUZ5.fasta	Q08AM6-A127S_Q8IUZ5.fasta	0
Q08AM6_Q8IW40.fasta	Q08AM6-A127S_Q8IW40.fasta	0
Q08AM6_Q8IZ26.fasta	Q08AM6-A127S_Q8IZ26.fasta	0
Q08AM6_Q8N1A6.fasta	Q08AM6-A127S_Q8N1A6.fasta	0
Q08AM6_Q8N9R6.fasta	Q08AM6-A127S_Q8N9R6.fasta	0
Q08AM6_Q8WXK3.fasta	Q08AM6-A127S_Q8WXK3.fasta	0
Q08AM6_Q96H20.fasta	Q08AM6-A127S_Q96H20.fasta	0
Q08AM6_Q96HA8.fasta	Q08AM6-A127S_Q96HA8.fasta	0
Q08AM6_Q9H0W9.fasta	Q08AM6-A127S_Q9H0W9.fasta	0
Q08AM6_Q9NNX6.fasta	Q08AM6-A127S_Q9NNX6.fasta	0
Q08AM6_Q9Y2I7.fasta	Q08AM6-A127S_Q9Y2I7.fasta	0
Q13136_O60941.fasta	Q13136-P389L_O60941.fasta	0
Q13136_O60941.fasta	Q13136-L330F_O60941.fasta	0
Q13136_P40222.fasta	Q13136-P389L_P40222.fasta	0
Q13136_P51946.fasta	Q13136-P389L_P51946.fasta	0
Q13136_P51946.fasta	Q13136-L330F_P51946.fasta	1
Q13136_Q14738.fasta	Q13136-L330F_Q14738.fasta	1
Q13136_Q14738.fasta	Q13136-P389L_Q14738.fasta	0
Q13136_Q3B820.fasta	Q13136-L330F_Q3B820.fasta	1
Q13136_Q3B820.fasta	Q13136-P389L_Q3B820.fasta	0
Q13228_Q15645.fasta	Q13228-R398C_Q15645.fasta	0
Q13277_Q12846.fasta	Q13277-K199E_Q12846.fasta	0
Q13277_Q9H115.fasta	Q13277-K199E_Q9H115.fasta	1
Q13485_P63279.fasta	Q13485-I500V_P63279.fasta	0
Q13485_P84022.fasta	Q13485-I500V_P84022.fasta	0
Q13485_Q01844.fasta	Q13485-I500V_Q01844.fasta	1
Q13685_O14503.fasta	Q13685-I343F_O14503.fasta	0
Q13685_Q8N1B4.fasta	Q13685-I343F_Q8N1B4.fasta	0
Q13685_Q8WTP8.fasta	Q13685-I343F_Q8WTP8.fasta	0
Q14195_Q16555.fasta	Q14195-V25I_Q16555.fasta	0
Q14687_P14373.fasta	Q14687-R503Q_P14373.fasta	0
Q14687_P14373.fasta	Q14687-E368K_P14373.fasta	0
Q14687_Q06455.fasta	Q14687-E368K_Q06455.fasta	0
Q14687_Q06455.fasta	Q14687-R503Q_Q06455.fasta	0
Q14687_Q08379.fasta	Q14687-R503Q_Q08379.fasta	0
Q14687_Q08379.fasta	Q14687-E368K_Q08379.fasta	0
Q14687_Q15311.fasta	Q14687-R503Q_Q15311.fasta	0
Q14687_Q15311.fasta	Q14687-E368K_Q15311.fasta	0
Q14687_Q15654.fasta	Q14687-R503Q_Q15654.fasta	0
Q14687_Q15654.fasta	Q14687-E368K_Q15654.fasta	0
Q14687_Q6P1W5.fasta	Q14687-E368K_Q6P1W5.fasta	0
Q14687_Q6P1W5.fasta	Q14687-R503Q_Q6P1W5.fasta	0
Q14687_Q8NHQ1.fasta	Q14687-R503Q_Q8NHQ1.fasta	0
Q14687_Q8NHQ1.fasta	Q14687-E368K_Q8NHQ1.fasta	0
Q14687_Q8WW24.fasta	Q14687-E368K_Q8WW24.fasta	0
Q14687_Q8WW24.fasta	Q14687-R503Q_Q8WW24.fasta	0
Q14687_Q93062.fasta	Q14687-E368K_Q93062.fasta	0
Q14687_Q93062.fasta	Q14687-R503Q_Q93062.fasta	0
Q14687_Q9P2K3.fasta	Q14687-E368K_Q9P2K3.fasta	0
Q14687_Q9P2K3.fasta	Q14687-R503Q_Q9P2K3.fasta	0
Q15404_P48059.fasta	Q15404-P57L_P48059.fasta	1
Q15942_Q8WWV3.fasta	Q15942-R167G_Q8WWV3.fasta	0
Q15942_Q96BD5.fasta	Q15942-R167G_Q96BD5.fasta	0
Q15942_Q9NNX1.fasta	Q15942-R167G_Q9NNX1.fasta	0
Q15942_Q9NV31.fasta	Q15942-R167G_Q9NV31.fasta	0
Q16555_Q14195.fasta	Q16555-R496C_Q14195.fasta	0
Q16555_Q16555.fasta	Q16555-R496C_Q16555.fasta	1
Q16555_Q9BPU6.fasta	Q16555-R496C_Q9BPU6.fasta	0
Q16555_Q9H8Y8.fasta	Q16555-R496C_Q9H8Y8.fasta	1
Q17RD7_Q6RW13.fasta	Q17RD7-R441W_Q6RW13.fasta	0
Q17RD7_Q9NQC3.fasta	Q17RD7-R441W_Q9NQC3.fasta	0
Q17RD7_Q9UI14.fasta	Q17RD7-R441W_Q9UI14.fasta	0
Q2QGD7_P61964.fasta	Q2QGD7-T589M_P61964.fasta	0
Q2QGD7_Q7Z3K3.fasta	Q2QGD7-T589M_Q7Z3K3.fasta	0
Q49A88_P43364.fasta	Q49A88-I476T_P43364.fasta	0
Q569H4_Q9NYB9.fasta	Q569H4-Q98P_Q9NYB9.fasta	0
Q5M9N0_Q86YR5.fasta	Q5M9N0-R78H_Q86YR5.fasta	0
Q5T7P3_O43597.fasta	Q5T7P3-C16Y_O43597.fasta	0
Q5T7P3_O76081.fasta	Q5T7P3-C16Y_O76081.fasta	0
Q5T7P3_P26371.fasta	Q5T7P3-C16Y_P26371.fasta	1
Q5T7P3_P32242.fasta	Q5T7P3-C16Y_P32242.fasta	0
Q5T7P3_P49639.fasta	Q5T7P3-C16Y_P49639.fasta	0
Q5T7P3_P60331.fasta	Q5T7P3-C16Y_P60331.fasta	0
Q5T7P3_P60369.fasta	Q5T7P3-C16Y_P60369.fasta	1
Q5T7P3_P60370.fasta	Q5T7P3-C16Y_P60370.fasta	1
Q5T7P3_P60409.fasta	Q5T7P3-C16Y_P60409.fasta	1
Q5T7P3_P60410.fasta	Q5T7P3-C16Y_P60410.fasta	1
Q5T7P3_P60411.fasta	Q5T7P3-C16Y_P60411.fasta	1
Q5T7P3_Q7Z3S9.fasta	Q5T7P3-C16Y_Q7Z3S9.fasta	0
Q5T7P3_Q99750.fasta	Q5T7P3-C16Y_Q99750.fasta	1
Q5T7P3_Q9BQ66.fasta	Q5T7P3-C16Y_Q9BQ66.fasta	1
Q5T7P3_Q9BYQ2.fasta	Q5T7P3-C16Y_Q9BYQ2.fasta	1
Q5T7P3_Q9BYQ4.fasta	Q5T7P3-C16Y_Q9BYQ4.fasta	1
Q5T7P3_Q9BYR5.fasta	Q5T7P3-C16Y_Q9BYR5.fasta	0
Q5T7P3_Q9BYR7.fasta	Q5T7P3-C16Y_Q9BYR7.fasta	0
Q68CQ4_Q8NHQ1.fasta	Q68CQ4-D399E_Q8NHQ1.fasta	0
Q68CQ4_Q8TD10.fasta	Q68CQ4-D399E_Q8TD10.fasta	0
Q68CQ4_Q96T51.fasta	Q68CQ4-D399E_Q96T51.fasta	0
Q68CQ4_Q9UJV3.fasta	Q68CQ4-D399E_Q9UJV3.fasta	0
Q6PJW8_Q9HAT0.fasta	Q6PJW8-V25M_Q9HAT0.fasta	1
Q6ZSB9_Q8NHQ1.fasta	Q6ZSB9-D88V_Q8NHQ1.fasta	0
Q6ZSB9_Q9HD26.fasta	Q6ZSB9-D88V_Q9HD26.fasta	0
Q70IA8_Q96DT7.fasta	Q70IA8-I173F_Q96DT7.fasta	1
Q70IA8_Q9NWS6.fasta	Q70IA8-I173F_Q9NWS6.fasta	1
Q7L5A3_P14373.fasta	Q7L5A3-C381Y_P14373.fasta	1
Q7L5A3_Q13422.fasta	Q7L5A3-C381Y_Q13422.fasta	1
Q7L5A3_Q8NHQ1.fasta	Q7L5A3-C381Y_Q8NHQ1.fasta	1
Q7L5A3_Q96EY1.fasta	Q7L5A3-C381Y_Q96EY1.fasta	1
Q7L5A3_Q99750.fasta	Q7L5A3-C381Y_Q99750.fasta	0
Q7L5A3_Q9BUZ4.fasta	Q7L5A3-C381Y_Q9BUZ4.fasta	1
Q7L8L6_Q5JR59.fasta	Q7L8L6-E483D_Q5JR59.fasta	0
Q86VR2_O95870.fasta	Q86VR2-N301S_O95870.fasta	0
Q86VR2_Q15041.fasta	Q86VR2-N301S_Q15041.fasta	0
Q86VR2_Q9H0R8.fasta	Q86VR2-N301S_Q9H0R8.fasta	0
Q86VR2_Q9H492.fasta	Q86VR2-N301S_Q9H492.fasta	0
Q86W11_Q9NWS9.fasta	Q86W11-G186S_Q9NWS9.fasta	0
Q86WP2_Q9BVV2.fasta	Q86WP2-R129C_Q9BVV2.fasta	0
Q86WP2_Q9BVV2.fasta	Q86WP2-R292Q_Q9BVV2.fasta	0
Q86XK2_P63208.fasta	Q86XK2-Y692F_P63208.fasta	0
Q86Y13_P17028.fasta	Q86Y13-M1032R_P17028.fasta	1
Q86Y13_Q8TBK6.fasta	Q86Y13-M1032R_Q8TBK6.fasta	1
Q86Y13_Q96LR5.fasta	Q86Y13-M1032R_Q96LR5.fasta	1
Q86Y13_Q9BQ04.fasta	Q86Y13-M1032R_Q9BQ04.fasta	1
Q86Y13_Q9BUJ2.fasta	Q86Y13-M1032R_Q9BUJ2.fasta	0
Q8IV13_P60410.fasta	Q8IV13-W188R_P60410.fasta	0
Q8IY92_Q96NY9.fasta	Q8IY92-V886L_Q96NY9.fasta	0
Q8IY92_Q96NY9.fasta	Q8IY92-F708L_Q96NY9.fasta	1
Q8IYY4_Q8TAP6.fasta	Q8IYY4-R643W_Q8TAP6.fasta	0
Q8N2M8_O75553.fasta	Q8N2M8-I163V_O75553.fasta	0
Q8N2M8_Q15038.fasta	Q8N2M8-I163V_Q15038.fasta	0
Q8N393_P60369.fasta	Q8N393-S112R_P60369.fasta	0
Q8N393_P60369.fasta	Q8N393-V37A_P60369.fasta	0
Q8N448_P06576.fasta	Q8N448-P669A_P06576.fasta	0
Q8N448_P07437.fasta	Q8N448-P669A_P07437.fasta	0
Q8N448_P45984.fasta	Q8N448-P669A_P45984.fasta	0
Q8N448_Q05519.fasta	Q8N448-P669A_Q05519.fasta	0
Q8N448_Q13163.fasta	Q8N448-P669A_Q13163.fasta	0
Q8N448_Q6NSJ5.fasta	Q8N448-P669A_Q6NSJ5.fasta	0
Q8N448_Q86TG7.fasta	Q8N448-P669A_Q86TG7.fasta	0
Q8N448_Q8IUZ5.fasta	Q8N448-P669A_Q8IUZ5.fasta	0
Q8N448_Q8WY64.fasta	Q8N448-P669A_Q8WY64.fasta	0
Q8N448_Q96CV9.fasta	Q8N448-P669A_Q96CV9.fasta	0
Q8N448_Q96D46.fasta	Q8N448-P669A_Q96D46.fasta	0
Q8N448_Q96EY7.fasta	Q8N448-P669A_Q96EY7.fasta	0
Q8N448_Q96I15.fasta	Q8N448-P669A_Q96I15.fasta	0
Q8N448_Q9H8K7.fasta	Q8N448-P669A_Q9H8K7.fasta	0
Q8N448_Q9UHH9.fasta	Q8N448-P669A_Q9UHH9.fasta	0
Q8N653_Q9UGJ1.fasta	Q8N653-E721K_Q9UGJ1.fasta	0
Q8N653_Q9UGJ1.fasta	Q8N653-G663V_Q9UGJ1.fasta	1
Q8N895_P25788.fasta	Q8N895-S485G_P25788.fasta	0
Q8N895_Q8NHQ1.fasta	Q8N895-S485G_Q8NHQ1.fasta	1
Q8N966_Q8IWR1.fasta	Q8N966-L209F_Q8IWR1.fasta	0
Q8NA72_O15182.fasta	Q8NA72-M469T_O15182.fasta	0
Q8NA72_P41208.fasta	Q8NA72-M469T_P41208.fasta	0
Q8NA72_Q12798.fasta	Q8NA72-M469T_Q12798.fasta	0
Q8NA72_Q3B820.fasta	Q8NA72-M469T_Q3B820.fasta	0
Q8NB12_O14503.fasta	Q8NB12-Q443R_O14503.fasta	0
Q8NB12_Q8IX15.fasta	Q8NB12-Q443R_Q8IX15.fasta	0
Q8NB12_Q8NCP5.fasta	Q8NB12-Q443R_Q8NCP5.fasta	1
Q8TBB1_O43298.fasta	Q8TBB1-E295K_O43298.fasta	1
Q8TBB1_O43805.fasta	Q8TBB1-E295K_O43805.fasta	1
Q8TBB1_O75506.fasta	Q8TBB1-E295K_O75506.fasta	1
Q8TBB1_O75525.fasta	Q8TBB1-E295K_O75525.fasta	1
Q8TBB1_O75553.fasta	Q8TBB1-E295K_O75553.fasta	1
Q8TBB1_O95073.fasta	Q8TBB1-E295K_O95073.fasta	1
Q8TBB1_O95544.fasta	Q8TBB1-E295K_O95544.fasta	1
Q8TBB1_O95751.fasta	Q8TBB1-E295K_O95751.fasta	1
Q8TBB1_P0DJD3.fasta	Q8TBB1-E295K_P0DJD3.fasta	1
Q8TBB1_P19012.fasta	Q8TBB1-E295K_P19012.fasta	1
Q8TBB1_P21673.fasta	Q8TBB1-E295K_P21673.fasta	1
Q8TBB1_P32321.fasta	Q8TBB1-E295K_P32321.fasta	1
Q8TBB1_P36406.fasta	Q8TBB1-E295K_P36406.fasta	1
Q8TBB1_P45984.fasta	Q8TBB1-E295K_P45984.fasta	0
Q8TBB1_P49247.fasta	Q8TBB1-E295K_P49247.fasta	1
Q8TBB1_P49760.fasta	Q8TBB1-E295K_P49760.fasta	1
Q8TBB1_P53004.fasta	Q8TBB1-E295K_P53004.fasta	1
Q8TBB1_P55072.fasta	Q8TBB1-E295K_P55072.fasta	1
Q8TBB1_P62993.fasta	Q8TBB1-E295K_P62993.fasta	1
Q8TBB1_Q07955.fasta	Q8TBB1-E295K_Q07955.fasta	1
Q8TBB1_Q12933.fasta	Q8TBB1-E295K_Q12933.fasta	1
Q8TBB1_Q13137.fasta	Q8TBB1-E295K_Q13137.fasta	1
Q8TBB1_Q13155.fasta	Q8TBB1-E295K_Q13155.fasta	1
Q8TBB1_Q13643.fasta	Q8TBB1-E295K_Q13643.fasta	1
Q8TBB1_Q15102.fasta	Q8TBB1-E295K_Q15102.fasta	1
Q8TBB1_Q15645.fasta	Q8TBB1-E295K_Q15645.fasta	1
Q8TBB1_Q5JR59.fasta	Q8TBB1-E295K_Q5JR59.fasta	1
Q8TBB1_Q68D86.fasta	Q8TBB1-E295K_Q68D86.fasta	1
Q8TBB1_Q719H9.fasta	Q8TBB1-E295K_Q719H9.fasta	1
Q8TBB1_Q7Z3S9.fasta	Q8TBB1-E295K_Q7Z3S9.fasta	1
Q8TBB1_Q7Z6G3.fasta	Q8TBB1-E295K_Q7Z6G3.fasta	1
Q8TBB1_Q8IX15.fasta	Q8TBB1-E295K_Q8IX15.fasta	1
Q8TBB1_Q8N5Z5.fasta	Q8TBB1-E295K_Q8N5Z5.fasta	1
Q8TBB1_Q8NC69.fasta	Q8TBB1-E295K_Q8NC69.fasta	1
Q8TBB1_Q8WXB1.fasta	Q8TBB1-E295K_Q8WXB1.fasta	1
Q8TBB1_Q8WZ19.fasta	Q8TBB1-E295K_Q8WZ19.fasta	1
Q8TBB1_Q8WZA1.fasta	Q8TBB1-E295K_Q8WZA1.fasta	1
Q8TBB1_Q92997.fasta	Q8TBB1-E295K_Q92997.fasta	1
Q8TBB1_Q96BR9.fasta	Q8TBB1-E295K_Q96BR9.fasta	1
Q8TBB1_Q96CG3.fasta	Q8TBB1-E295K_Q96CG3.fasta	1
Q8TBB1_Q96GX9.fasta	Q8TBB1-E295K_Q96GX9.fasta	1
Q8TBB1_Q96HT8.fasta	Q8TBB1-E295K_Q96HT8.fasta	1
Q8TBB1_Q96M61.fasta	Q8TBB1-E295K_Q96M61.fasta	1
Q8TBB1_Q96PN8.fasta	Q8TBB1-E295K_Q96PN8.fasta	1
Q8TBB1_Q9BQ66.fasta	Q8TBB1-E295K_Q9BQ66.fasta	1
Q8TBB1_Q9BYR5.fasta	Q8TBB1-E295K_Q9BYR5.fasta	1
Q8TBB1_Q9BYV2.fasta	Q8TBB1-E295K_Q9BYV2.fasta	1
Q8TBB1_Q9HAT0.fasta	Q8TBB1-E295K_Q9HAT0.fasta	1
Q8TBB1_Q9NTM9.fasta	Q8TBB1-E295K_Q9NTM9.fasta	1
Q8TBB1_Q9NWS6.fasta	Q8TBB1-E295K_Q9NWS6.fasta	1
Q8TBB1_Q9P209.fasta	Q8TBB1-E295K_Q9P209.fasta	1
Q8TBB1_Q9UJ70.fasta	Q8TBB1-E295K_Q9UJ70.fasta	1
Q8TBB1_Q9ULA0.fasta	Q8TBB1-E295K_Q9ULA0.fasta	1
Q8TBB1_Q9Y5B8.fasta	Q8TBB1-E295K_Q9Y5B8.fasta	1
Q8TD31_A1L4K1.fasta	Q8TD31-W337R_A1L4K1.fasta	0
Q8TD31_O14777.fasta	Q8TD31-W337R_O14777.fasta	1
Q8TD31_O75506.fasta	Q8TD31-W337R_O75506.fasta	1
Q8TD31_P06753.fasta	Q8TD31-W337R_P06753.fasta	1
Q8TD31_P13646.fasta	Q8TD31-W337R_P13646.fasta	1
Q8TD31_P14373.fasta	Q8TD31-W337R_P14373.fasta	1
Q8TD31_P19012.fasta	Q8TD31-W337R_P19012.fasta	0
Q8TD31_P21673.fasta	Q8TD31-W337R_P21673.fasta	1
Q8TD31_P37198.fasta	Q8TD31-W337R_P37198.fasta	0
Q8TD31_P40222.fasta	Q8TD31-W337R_P40222.fasta	1
Q8TD31_Q01850.fasta	Q8TD31-W337R_Q01850.fasta	1
Q8TD31_Q08379.fasta	Q8TD31-W337R_Q08379.fasta	1
Q8TD31_Q12933.fasta	Q8TD31-W337R_Q12933.fasta	1
Q8TD31_Q15323.fasta	Q8TD31-W337R_Q15323.fasta	0
Q8TD31_Q53EZ4.fasta	Q8TD31-W337R_Q53EZ4.fasta	1
Q8TD31_Q5JR59.fasta	Q8TD31-W337R_Q5JR59.fasta	1
Q8TD31_Q5JST6.fasta	Q8TD31-W337R_Q5JST6.fasta	1
Q8TD31_Q68D86.fasta	Q8TD31-W337R_Q68D86.fasta	1
Q8TD31_Q6A162.fasta	Q8TD31-W337R_Q6A162.fasta	0
Q8TD31_Q6P1W5.fasta	Q8TD31-W337R_Q6P1W5.fasta	1
Q8TD31_Q86Y26.fasta	Q8TD31-W337R_Q86Y26.fasta	1
Q8TD31_Q8N3L3.fasta	Q8TD31-W337R_Q8N3L3.fasta	1
Q8TD31_Q8N6Y0.fasta	Q8TD31-W337R_Q8N6Y0.fasta	1
Q8TD31_Q8TD31.fasta	Q8TD31-W337R_Q8TD31.fasta	1
Q8TD31_Q969V4.fasta	Q8TD31-W337R_Q969V4.fasta	1
Q8TD31_Q96CS2.fasta	Q8TD31-W337R_Q96CS2.fasta	0
Q8TD31_Q96I25.fasta	Q8TD31-W337R_Q96I25.fasta	1
Q8TD31_Q96JN2.fasta	Q8TD31-W337R_Q96JN2.fasta	0
Q8TD31_Q96K21.fasta	Q8TD31-W337R_Q96K21.fasta	1
Q8TD31_Q96R06.fasta	Q8TD31-W337R_Q96R06.fasta	1
Q8TD31_Q9BZW7.fasta	Q8TD31-W337R_Q9BZW7.fasta	1
Q8TD31_Q9GZM8.fasta	Q8TD31-W337R_Q9GZM8.fasta	1
Q8TD31_Q9H1Y0.fasta	Q8TD31-W337R_Q9H1Y0.fasta	1
Q8TD31_Q9H257.fasta	Q8TD31-W337R_Q9H257.fasta	1
Q8TD31_Q9NPJ6.fasta	Q8TD31-W337R_Q9NPJ6.fasta	0
Q8TD31_Q9NYB9.fasta	Q8TD31-W337R_Q9NYB9.fasta	1
Q8TD31_Q9UBB9.fasta	Q8TD31-W337R_Q9UBB9.fasta	0
Q8TD31_Q9UJV3.fasta	Q8TD31-W337R_Q9UJV3.fasta	1
Q8TD31_Q9Y2D8.fasta	Q8TD31-W337R_Q9Y2D8.fasta	1
Q8TD31_Q9Y2J4.fasta	Q8TD31-W337R_Q9Y2J4.fasta	1
Q8TD31_Q9Y3C0.fasta	Q8TD31-W337R_Q9Y3C0.fasta	1
Q8TD31_Q9Y5B8.fasta	Q8TD31-W337R_Q9Y5B8.fasta	0
Q8TD31_Q9Y6D9.fasta	Q8TD31-W337R_Q9Y6D9.fasta	1
Q8TDQ7_P14373.fasta	Q8TDQ7-I216V_P14373.fasta	0
Q8TDQ7_Q9Y303.fasta	Q8TDQ7-I216V_Q9Y303.fasta	0
Q8WUN7_Q9HCM9.fasta	Q8WUN7-R180W_Q9HCM9.fasta	0
Q92783_O14964.fasta	Q92783-H331L_O14964.fasta	0
Q96AQ6_Q99750.fasta	Q96AQ6-V238M_Q99750.fasta	0
Q96E11_P14373.fasta	Q96E11-G175E_P14373.fasta	1
Q96EP0_Q8N4L8.fasta	Q96EP0-R646W_Q8N4L8.fasta	0
Q96EP0_Q96EP0.fasta	Q96EP0-R646W_Q96EP0.fasta	0
Q96EP0_Q9BYM8.fasta	Q96EP0-R646W_Q9BYM8.fasta	0
Q96EP0_Q9BYQ4.fasta	Q96EP0-R646W_Q9BYQ4.fasta	0
Q96EQ0_O95967.fasta	Q96EQ0-R292W_O95967.fasta	0
Q96EQ0_P40189.fasta	Q96EQ0-R292W_P40189.fasta	1
Q96EQ0_Q9Y5P3.fasta	Q96EQ0-R292W_Q9Y5P3.fasta	0
Q96F86_P26196.fasta	Q96F86-F213L_P26196.fasta	1
Q96F86_Q5JST6.fasta	Q96F86-F213L_Q5JST6.fasta	0
Q96F86_Q8IZD4.fasta	Q96F86-F213L_Q8IZD4.fasta	0
Q96F86_Q96F86.fasta	Q96F86-F213L_Q96F86.fasta	0
Q96F86_Q9UJ72.fasta	Q96F86-F213L_Q9UJ72.fasta	0
Q96GN5_Q8NHQ1.fasta	Q96GN5-R268H_Q8NHQ1.fasta	0
Q96GN5_Q8WYA6.fasta	Q96GN5-R268H_Q8WYA6.fasta	0
Q96GN5_Q9H257.fasta	Q96GN5-R268H_Q9H257.fasta	0
Q96Q83_Q08379.fasta	Q96Q83-R64H_Q08379.fasta	0
Q96Q83_Q13422.fasta	Q96Q83-R64H_Q13422.fasta	0
Q96QG7_P00540.fasta	Q96QG7-R359S_P00540.fasta	0
Q96QG7_Q8TBB1.fasta	Q96QG7-R359S_Q8TBB1.fasta	0
Q96QG7_Q96EF0.fasta	Q96QG7-R359S_Q96EF0.fasta	0
Q96QG7_Q9Y216.fasta	Q96QG7-R359S_Q9Y216.fasta	0
Q96QG7_Q9Y6C2.fasta	Q96QG7-R359S_Q9Y6C2.fasta	0
Q96QU8_P37198.fasta	Q96QU8-L512V_P37198.fasta	0
Q96RL1_O14641.fasta	Q96RL1-R34H_O14641.fasta	1
Q96RL1_O14641.fasta	Q96RL1-Q631E_O14641.fasta	0
Q99836_Q99836.fasta	Q99836-D275N_Q99836.fasta	1
Q9BQ13_O75716.fasta	Q9BQ13-V168M_O75716.fasta	1
Q9BR84_P60331.fasta	Q9BR84-K62I_P60331.fasta	0
Q9BR84_P60369.fasta	Q9BR84-K62I_P60369.fasta	0
Q9BR84_P60370.fasta	Q9BR84-K62I_P60370.fasta	0
Q9BR84_Q99750.fasta	Q9BR84-K62I_Q99750.fasta	0
Q9BRG1_P14373.fasta	Q9BRG1-P58Q_P14373.fasta	1
Q9BRG1_Q04864.fasta	Q9BRG1-P58Q_Q04864.fasta	1
Q9BRG1_Q8IUI8.fasta	Q9BRG1-P58Q_Q8IUI8.fasta	0
Q9BRG1_Q96H20.fasta	Q9BRG1-P58Q_Q96H20.fasta	0
Q9BT40_Q15013.fasta	Q9BT40-R437K_Q15013.fasta	1
Q9BT40_Q15041.fasta	Q9BT40-R437K_Q15041.fasta	0
Q9BT40_Q969F0.fasta	Q9BT40-R437K_Q969F0.fasta	1
Q9BYU1_O94829.fasta	Q9BYU1-A247T_O94829.fasta	1
Q9BYU1_Q9UBB9.fasta	Q9BYU1-A247T_Q9UBB9.fasta	0
Q9BZS1_P86478.fasta	Q9BZS1-T108M_P86478.fasta	0
Q9BZS1_Q93062.fasta	Q9BZS1-T108M_Q93062.fasta	0
Q9BZV1_Q9HCM9.fasta	Q9BZV1-E391K_Q9HCM9.fasta	1
Q9C0A6_Q5JR59.fasta	Q9C0A6-G669R_Q5JR59.fasta	0
Q9H0M0_Q15884.fasta	Q9H0M0-A323S_Q15884.fasta	0
Q9H175_P36873.fasta	Q9H175-Q382E_P36873.fasta	0
Q9H3S4_Q9H3S4.fasta	Q9H3S4-G223R_Q9H3S4.fasta	0
Q9H7H0_Q13077.fasta	Q9H7H0-R212H_Q13077.fasta	0
Q9H7H0_Q13137.fasta	Q9H7H0-R212H_Q13137.fasta	1
Q9H7H0_Q15427.fasta	Q9H7H0-R212H_Q15427.fasta	0
Q9H7H0_Q15654.fasta	Q9H7H0-R212H_Q15654.fasta	0
Q9H7H0_Q6A162.fasta	Q9H7H0-R212H_Q6A162.fasta	0
Q9H7H0_Q8NA61.fasta	Q9H7H0-R212H_Q8NA61.fasta	0
Q9H7H0_Q8ND90.fasta	Q9H7H0-R212H_Q8ND90.fasta	0
Q9H7H0_Q8NHQ1.fasta	Q9H7H0-R212H_Q8NHQ1.fasta	0
Q9H7H0_Q99750.fasta	Q9H7H0-R212H_Q99750.fasta	0
Q9H7H0_Q9UBB9.fasta	Q9H7H0-R212H_Q9UBB9.fasta	1
Q9H7H0_Q9UJV3.fasta	Q9H7H0-R212H_Q9UJV3.fasta	1
Q9H7P9_Q08043.fasta	Q9H7P9-V1248I_Q08043.fasta	0
Q9H8Y8_O43829.fasta	Q9H8Y8-L320R_O43829.fasta	0
Q9H8Y8_O76083.fasta	Q9H8Y8-L320R_O76083.fasta	0
Q9H8Y8_P02489.fasta	Q9H8Y8-L320R_P02489.fasta	0
Q9H8Y8_P11926.fasta	Q9H8Y8-L320R_P11926.fasta	1
Q9H8Y8_P15884.fasta	Q9H8Y8-L320R_P15884.fasta	0
Q9H8Y8_P30048.fasta	Q9H8Y8-L320R_P30048.fasta	1
Q9H8Y8_P32321.fasta	Q9H8Y8-L320R_P32321.fasta	0
Q9H8Y8_P37198.fasta	Q9H8Y8-L320R_P37198.fasta	1
Q9H8Y8_P40222.fasta	Q9H8Y8-L320R_P40222.fasta	0
Q9H8Y8_P49247.fasta	Q9H8Y8-L320R_P49247.fasta	0
Q9H8Y8_P60891.fasta	Q9H8Y8-L320R_P60891.fasta	0
Q9H8Y8_P61457.fasta	Q9H8Y8-L320R_P61457.fasta	0
Q9H8Y8_Q08117.fasta	Q9H8Y8-L320R_Q08117.fasta	1
Q9H8Y8_Q08379.fasta	Q9H8Y8-L320R_Q08379.fasta	0
Q9H8Y8_Q12933.fasta	Q9H8Y8-L320R_Q12933.fasta	0
Q9H8Y8_Q13077.fasta	Q9H8Y8-L320R_Q13077.fasta	0
Q9H8Y8_Q14232.fasta	Q9H8Y8-L320R_Q14232.fasta	0
Q9H8Y8_Q15041.fasta	Q9H8Y8-L320R_Q15041.fasta	0
Q9H8Y8_Q16555.fasta	Q9H8Y8-L320R_Q16555.fasta	0
Q9H8Y8_Q17RB8.fasta	Q9H8Y8-L320R_Q17RB8.fasta	0
Q9H8Y8_Q494R4.fasta	Q9H8Y8-L320R_Q494R4.fasta	0
Q9H8Y8_Q5H9K5.fasta	Q9H8Y8-L320R_Q5H9K5.fasta	0
Q9H8Y8_Q6P1W5.fasta	Q9H8Y8-L320R_Q6P1W5.fasta	0
Q9H8Y8_Q7L273.fasta	Q9H8Y8-L320R_Q7L273.fasta	0
Q9H8Y8_Q7L4P6.fasta	Q9H8Y8-L320R_Q7L4P6.fasta	0
Q9H8Y8_Q96HD9.fasta	Q9H8Y8-L320R_Q96HD9.fasta	1
Q9H8Y8_Q96HR9.fasta	Q9H8Y8-L320R_Q96HR9.fasta	0
Q9H8Y8_Q96PV4.fasta	Q9H8Y8-L320R_Q96PV4.fasta	0
Q9H8Y8_Q9BUZ4.fasta	Q9H8Y8-L320R_Q9BUZ4.fasta	0
Q9H8Y8_Q9UJV3.fasta	Q9H8Y8-L320R_Q9UJV3.fasta	0
Q9H9Y2_P60409.fasta	Q9H9Y2-P49T_P60409.fasta	0
Q9HC98_P15884.fasta	Q9HC98-R195C_P15884.fasta	0
Q9HC98_P36406.fasta	Q9HC98-R195C_P36406.fasta	1
Q9HC98_Q0VD86.fasta	Q9HC98-R195C_Q0VD86.fasta	0
Q9HC98_Q5VWN6.fasta	Q9HC98-R195C_Q5VWN6.fasta	1
Q9HC98_Q7Z6G3.fasta	Q9HC98-R195C_Q7Z6G3.fasta	1
Q9HC98_Q9UKT9.fasta	Q9HC98-R195C_Q9UKT9.fasta	1
Q9NP86_P15884.fasta	Q9NP86-T59M_P15884.fasta	0
Q9NP86_Q0VD86.fasta	Q9NP86-T59M_Q0VD86.fasta	0
Q9NP86_Q8TAP6.fasta	Q9NP86-T59M_Q8TAP6.fasta	0
Q9NPQ8_O00560.fasta	Q9NPQ8-K319E_O00560.fasta	0
Q9NPQ8_Q12805.fasta	Q9NPQ8-K319E_Q12805.fasta	0
Q9NPQ8_Q86Y26.fasta	Q9NPQ8-K319E_Q86Y26.fasta	0
Q9NPQ8_Q9UI14.fasta	Q9NPQ8-K319E_Q9UI14.fasta	0
Q9NPQ8_Q9UMX0.fasta	Q9NPQ8-K319E_Q9UMX0.fasta	0
Q9NQQ7_O43889.fasta	Q9NQQ7-G176S_O43889.fasta	0
Q9NR22_O60506.fasta	Q9NR22-R350S_O60506.fasta	0
Q9NR56_O75553.fasta	Q9NR56-V45A_O75553.fasta	0
Q9NR81_P14373.fasta	Q9NR81-P34S_P14373.fasta	0
Q9NR81_P36406.fasta	Q9NR81-P34S_P36406.fasta	0
Q9NR81_Q8NHQ1.fasta	Q9NR81-P34S_Q8NHQ1.fasta	0
Q9NRY2_Q93062.fasta	Q9NRY2-K28T_Q93062.fasta	0
Q9NU19_O60504.fasta	Q9NU19-A349T_O60504.fasta	1
Q9NU19_P14373.fasta	Q9NU19-A349T_P14373.fasta	1
Q9NU19_P36406.fasta	Q9NU19-A349T_P36406.fasta	1
Q9NU19_P51116.fasta	Q9NU19-A349T_P51116.fasta	1
Q9NU19_Q01850.fasta	Q9NU19-A349T_Q01850.fasta	1
Q9NU19_Q05D60.fasta	Q9NU19-A349T_Q05D60.fasta	1
Q9NU19_Q13625.fasta	Q9NU19-A349T_Q13625.fasta	1
Q9NU19_Q6A162.fasta	Q9NU19-A349T_Q6A162.fasta	1
Q9NU19_Q8N1B4.fasta	Q9NU19-A349T_Q8N1B4.fasta	1
Q9NU19_Q96PV4.fasta	Q9NU19-A349T_Q96PV4.fasta	1
Q9NU19_Q9BPX1.fasta	Q9NU19-A349T_Q9BPX1.fasta	1
Q9NU19_Q9BYV2.fasta	Q9NU19-A349T_Q9BYV2.fasta	1
Q9NU19_Q9UKT9.fasta	Q9NU19-A349T_Q9UKT9.fasta	1
Q9NU19_Q9Y6A5.fasta	Q9NU19-A349T_Q9Y6A5.fasta	1
Q9NXK8_Q8NF50.fasta	Q9NXK8-I313V_Q8NF50.fasta	0
Q9NXK8_Q8TES7.fasta	Q9NXK8-I313V_Q8TES7.fasta	0
Q9NYB9_A7KAX9.fasta	Q9NYB9-E202K_A7KAX9.fasta	0
Q9NYB9_O00560.fasta	Q9NYB9-R373C_O00560.fasta	0
Q9NYB9_O00560.fasta	Q9NYB9-E202K_O00560.fasta	1
Q9NYB9_O14964.fasta	Q9NYB9-R373C_O14964.fasta	0
Q9NYB9_O14964.fasta	Q9NYB9-E202K_O14964.fasta	0
Q9NYB9_O15372.fasta	Q9NYB9-E202K_O15372.fasta	0
Q9NYB9_O43186.fasta	Q9NYB9-E202K_O43186.fasta	0
Q9NYB9_O43186.fasta	Q9NYB9-R373C_O43186.fasta	0
Q9NYB9_O43281.fasta	Q9NYB9-E202K_O43281.fasta	0
Q9NYB9_O43281.fasta	Q9NYB9-R373C_O43281.fasta	0
Q9NYB9_O43516.fasta	Q9NYB9-E202K_O43516.fasta	0
Q9NYB9_O43639.fasta	Q9NYB9-E202K_O43639.fasta	0
Q9NYB9_O43639.fasta	Q9NYB9-R373C_O43639.fasta	0
Q9NYB9_O60941.fasta	Q9NYB9-R373C_O60941.fasta	0
Q9NYB9_O60941.fasta	Q9NYB9-E202K_O60941.fasta	0
Q9NYB9_O75886.fasta	Q9NYB9-E202K_O75886.fasta	0
Q9NYB9_O75886.fasta	Q9NYB9-R373C_O75886.fasta	0
Q9NYB9_P08727.fasta	Q9NYB9-E202K_P08727.fasta	0
Q9NYB9_P08727.fasta	Q9NYB9-R373C_P08727.fasta	0
Q9NYB9_P13646.fasta	Q9NYB9-E202K_P13646.fasta	0
Q9NYB9_P13646.fasta	Q9NYB9-R373C_P13646.fasta	0
Q9NYB9_P18206.fasta	Q9NYB9-R373C_P18206.fasta	0
Q9NYB9_P18206.fasta	Q9NYB9-E202K_P18206.fasta	1
Q9NYB9_P19012.fasta	Q9NYB9-R373C_P19012.fasta	0
Q9NYB9_P19012.fasta	Q9NYB9-E202K_P19012.fasta	0
Q9NYB9_P25791.fasta	Q9NYB9-E202K_P25791.fasta	0
Q9NYB9_P25791.fasta	Q9NYB9-R373C_P25791.fasta	0
Q9NYB9_P30405.fasta	Q9NYB9-E202K_P30405.fasta	0
Q9NYB9_P35900.fasta	Q9NYB9-R373C_P35900.fasta	0
Q9NYB9_P35900.fasta	Q9NYB9-E202K_P35900.fasta	0
Q9NYB9_P37198.fasta	Q9NYB9-R373C_P37198.fasta	0
Q9NYB9_P37198.fasta	Q9NYB9-E202K_P37198.fasta	0
Q9NYB9_P50552.fasta	Q9NYB9-R373C_P50552.fasta	0
Q9NYB9_P50552.fasta	Q9NYB9-E202K_P50552.fasta	0
Q9NYB9_P54646.fasta	Q9NYB9-R373C_P54646.fasta	0
Q9NYB9_P54646.fasta	Q9NYB9-E202K_P54646.fasta	0
Q9NYB9_P61978.fasta	Q9NYB9-E202K_P61978.fasta	0
Q9NYB9_P61978.fasta	Q9NYB9-R373C_P61978.fasta	0
Q9NYB9_Q08117.fasta	Q9NYB9-E202K_Q08117.fasta	0
Q9NYB9_Q08117.fasta	Q9NYB9-R373C_Q08117.fasta	0
Q9NYB9_Q13049.fasta	Q9NYB9-R373C_Q13049.fasta	0
Q9NYB9_Q13049.fasta	Q9NYB9-E202K_Q13049.fasta	0
Q9NYB9_Q13131.fasta	Q9NYB9-R373C_Q13131.fasta	0
Q9NYB9_Q13131.fasta	Q9NYB9-E202K_Q13131.fasta	0
Q9NYB9_Q13526.fasta	Q9NYB9-E202K_Q13526.fasta	0
Q9NYB9_Q13526.fasta	Q9NYB9-R373C_Q13526.fasta	0
Q9NYB9_Q15154.fasta	Q9NYB9-R373C_Q15154.fasta	0
Q9NYB9_Q15154.fasta	Q9NYB9-E202K_Q15154.fasta	0
Q9NYB9_Q15323.fasta	Q9NYB9-R373C_Q15323.fasta	0
Q9NYB9_Q15323.fasta	Q9NYB9-E202K_Q15323.fasta	0
Q9NYB9_Q15654.fasta	Q9NYB9-E202K_Q15654.fasta	0
Q9NYB9_Q15654.fasta	Q9NYB9-R373C_Q15654.fasta	0
Q9NYB9_Q5ST30.fasta	Q9NYB9-E202K_Q5ST30.fasta	0
Q9NYB9_Q5T5P2.fasta	Q9NYB9-E202K_Q5T5P2.fasta	0
Q9NYB9_Q68D86.fasta	Q9NYB9-R373C_Q68D86.fasta	0
Q9NYB9_Q68D86.fasta	Q9NYB9-E202K_Q68D86.fasta	0
Q9NYB9_Q8IY31.fasta	Q9NYB9-E202K_Q8IY31.fasta	0
Q9NYB9_Q8IY31.fasta	Q9NYB9-R373C_Q8IY31.fasta	0
Q9NYB9_Q8IYA8.fasta	Q9NYB9-E202K_Q8IYA8.fasta	0
Q9NYB9_Q8IYA8.fasta	Q9NYB9-R373C_Q8IYA8.fasta	0
Q9NYB9_Q8TD31.fasta	Q9NYB9-R373C_Q8TD31.fasta	0
Q9NYB9_Q8TD31.fasta	Q9NYB9-E202K_Q8TD31.fasta	0
Q9NYB9_Q96CN9.fasta	Q9NYB9-E202K_Q96CN9.fasta	0
Q9NYB9_Q96HT8.fasta	Q9NYB9-R373C_Q96HT8.fasta	0
Q9NYB9_Q96HT8.fasta	Q9NYB9-E202K_Q96HT8.fasta	1
Q9NYB9_Q9BVG8.fasta	Q9NYB9-R373C_Q9BVG8.fasta	1
Q9NYB9_Q9BVG8.fasta	Q9NYB9-E202K_Q9BVG8.fasta	0
Q9NYB9_Q9H6L4.fasta	Q9NYB9-E202K_Q9H6L4.fasta	0
Q9NYB9_Q9NSC5.fasta	Q9NYB9-E202K_Q9NSC5.fasta	0
Q9NYB9_Q9NSC5.fasta	Q9NYB9-R373C_Q9NSC5.fasta	0
Q9NYB9_Q9NYB9.fasta	Q9NYB9-R373C_Q9NYB9.fasta	0
Q9NYB9_Q9NYB9.fasta	Q9NYB9-E202K_Q9NYB9.fasta	0
Q9NYB9_Q9UBB9.fasta	Q9NYB9-E202K_Q9UBB9.fasta	0
Q9NYB9_Q9UBB9.fasta	Q9NYB9-R373C_Q9UBB9.fasta	0
Q9NYB9_Q9UL45.fasta	Q9NYB9-E202K_Q9UL45.fasta	0
Q9NYB9_Q9UL45.fasta	Q9NYB9-R373C_Q9UL45.fasta	0
Q9NYB9_Q9Y3C0.fasta	Q9NYB9-E202K_Q9Y3C0.fasta	0
Q9NYB9_Q9Y3C0.fasta	Q9NYB9-R373C_Q9Y3C0.fasta	0
Q9NZ43_O43889.fasta	Q9NZ43-T217M_O43889.fasta	0
Q9NZ43_Q96G97.fasta	Q9NZ43-T217M_Q96G97.fasta	0
Q9P1A6_Q6A162.fasta	Q9P1A6-R818T_Q6A162.fasta	0
Q9UFW8_Q04864.fasta	Q9UFW8-R54C_Q04864.fasta	1
Q9UHI7_P60410.fasta	Q9UHI7-L461M_P60410.fasta	0
Q9UI08_Q9P2A4.fasta	Q9UI08-R10Q_Q9P2A4.fasta	0
Q9UIH9_O43167.fasta	Q9UIH9-G206R_O43167.fasta	0
Q9UIH9_O43741.fasta	Q9UIH9-G206R_O43741.fasta	0
Q9UN86_Q14694.fasta	Q9UN86-L209P_Q14694.fasta	0
Q9Y265_Q9Y230.fasta	Q9Y265-L365Q_Q9Y230.fasta	0
Q9Y577_Q9HCM9.fasta	Q9Y577-R159T_Q9HCM9.fasta	0
Q9Y5P4_O95197.fasta	Q9Y5P4-T166A_O95197.fasta	0
Q9Y5P4_Q15041.fasta	Q9Y5P4-T166A_Q15041.fasta	0
Q9Y5P4_Q9NQC3.fasta	Q9Y5P4-T166A_Q9NQC3.fasta	0
